-- MySQL dump 10.13  Distrib 8.0.36, for Win64 (x86_64)
--
-- Host: 127.0.0.1    Database: taoblog
-- ------------------------------------------------------
-- Server version	8.0.36

/*!40101 SET @OLD_CHARACTER_SET_CLIENT=@@CHARACTER_SET_CLIENT */;
/*!40101 SET @OLD_CHARACTER_SET_RESULTS=@@CHARACTER_SET_RESULTS */;
/*!40101 SET @OLD_COLLATION_CONNECTION=@@COLLATION_CONNECTION */;
/*!50503 SET NAMES utf8mb4 */;
/*!40103 SET @OLD_TIME_ZONE=@@TIME_ZONE */;
/*!40103 SET TIME_ZONE='+00:00' */;
/*!40014 SET @OLD_UNIQUE_CHECKS=@@UNIQUE_CHECKS, UNIQUE_CHECKS=0 */;
/*!40014 SET @OLD_FOREIGN_KEY_CHECKS=@@FOREIGN_KEY_CHECKS, FOREIGN_KEY_CHECKS=0 */;
/*!40101 SET @OLD_SQL_MODE=@@SQL_MODE, SQL_MODE='NO_AUTO_VALUE_ON_ZERO' */;
/*!40111 SET @OLD_SQL_NOTES=@@SQL_NOTES, SQL_NOTES=0 */;

--
-- Table structure for table `about`
--

DROP TABLE IF EXISTS `about`;
/*!40101 SET @saved_cs_client     = @@character_set_client */;
/*!50503 SET character_set_client = utf8mb4 */;
CREATE TABLE `about` (
  `id` bigint NOT NULL,
  `name_en` varchar(255) CHARACTER SET utf8mb4 COLLATE utf8mb4_general_ci DEFAULT NULL,
  `name_zh` varchar(255) CHARACTER SET utf8mb4 COLLATE utf8mb4_general_ci DEFAULT NULL,
  `value` longtext CHARACTER SET utf8mb4 COLLATE utf8mb4_general_ci,
  PRIMARY KEY (`id`) USING BTREE
) ENGINE=InnoDB DEFAULT CHARSET=utf8mb4 COLLATE=utf8mb4_general_ci ROW_FORMAT=DYNAMIC;
/*!40101 SET character_set_client = @saved_cs_client */;

--
-- Dumping data for table `about`
--

LOCK TABLES `about` WRITE;
/*!40000 ALTER TABLE `about` DISABLE KEYS */;
INSERT INTO `about` VALUES (1,'title','标题','我始终如一'),(2,'musicId','网易云歌曲ID','1909022724'),(3,'content','正文Markdown','这里是taoxier/KamikawaraYukina\n\n\n不喜欢吵架 一般不会主动起冲突\n\n------\n\n![hirakiyoi](https://cdn.jsdelivr.net/gh/Taoxier/resources/img6.jpg)\n\n今宵は14番目の月ですか 🌕  、\n来月には金木犀が香ってるのでしょうかね'),(4,'commentEnabled','评论开关','true');
/*!40000 ALTER TABLE `about` ENABLE KEYS */;
UNLOCK TABLES;

--
-- Table structure for table `blog`
--

DROP TABLE IF EXISTS `blog`;
/*!40101 SET @saved_cs_client     = @@character_set_client */;
/*!50503 SET character_set_client = utf8mb4 */;
CREATE TABLE `blog` (
  `id` bigint NOT NULL AUTO_INCREMENT,
  `title` varchar(255) CHARACTER SET utf8mb4 COLLATE utf8mb4_general_ci NOT NULL COMMENT '文章标题',
  `first_picture` varchar(255) CHARACTER SET utf8mb4 COLLATE utf8mb4_general_ci NOT NULL COMMENT '文章首图，用于随机文章展示',
  `content` longtext CHARACTER SET utf8mb4 COLLATE utf8mb4_general_ci NOT NULL COMMENT '文章正文',
  `description` longtext CHARACTER SET utf8mb4 COLLATE utf8mb4_general_ci NOT NULL COMMENT '描述',
  `is_published` bit(1) NOT NULL COMMENT '公开或私密',
  `is_recommend` bit(1) NOT NULL COMMENT '推荐开关',
  `is_appreciation` bit(1) NOT NULL COMMENT '赞赏开关',
  `is_comment_enabled` bit(1) NOT NULL COMMENT '评论开关',
  `create_time` datetime NOT NULL COMMENT '创建时间',
  `update_time` datetime NOT NULL COMMENT '更新时间',
  `views` int NOT NULL COMMENT '浏览次数',
  `words` int NOT NULL COMMENT '文章字数',
  `read_time` int NOT NULL COMMENT '阅读时长(分钟)',
  `category_id` bigint NOT NULL COMMENT '文章分类',
  `is_top` bit(1) NOT NULL COMMENT '是否置顶',
  `password` varchar(255) CHARACTER SET utf8mb4 COLLATE utf8mb4_general_ci DEFAULT NULL COMMENT '密码保护',
  `user_id` bigint DEFAULT NULL COMMENT '文章作者',
  PRIMARY KEY (`id`) USING BTREE,
  KEY `type_id` (`category_id`) USING BTREE,
  KEY `user_id` (`user_id`) USING BTREE
) ENGINE=InnoDB AUTO_INCREMENT=7 DEFAULT CHARSET=utf8mb4 COLLATE=utf8mb4_general_ci ROW_FORMAT=DYNAMIC;
/*!40101 SET character_set_client = @saved_cs_client */;

--
-- Dumping data for table `blog`
--

LOCK TABLES `blog` WRITE;
/*!40000 ALTER TABLE `blog` DISABLE KEYS */;
INSERT INTO `blog` VALUES (4,'The first','https://cdn.jsdelivr.net/gh/Taoxier/resources/img8.jpg','「お前、花火嫌いなの？」 \n「そうじゃないけど、花火より好きなものがあるから」\n\n![first](https://cdn.jsdelivr.net/gh/Taoxier/resources/img6.jpg)','梦开始的地方\n\n![first](https://cdn.jsdelivr.net/gh/Taoxier/resources/img3.jpg)',_binary '',_binary '',_binary '\0',_binary '','2025-05-19 04:18:58','2025-05-19 04:39:09',0,1612,8,4,_binary '','',1),(5,'sleep','https://cdn.jsdelivr.net/gh/Taoxier/resources/img9.jpg','睡觉\n\n![](https://cdn.jsdelivr.net/gh/Taoxier/resources/img11.jpg)','so sleepy\n\n![](https://cdn.jsdelivr.net/gh/Taoxier/resources/img9.jpg)',_binary '',_binary '',_binary '\0',_binary '','2025-05-19 05:09:45','2025-05-19 05:09:45',0,1216,6,5,_binary '\0','',1),(6,'进食','https://cdn.jsdelivr.net/gh/Taoxier/resources/img5.jpg','努力成为人类的第一天，学会进食\n![](https://cdn.jsdelivr.net/gh/Taoxier/resources/img5.jpg)','人类，需要进食\n![](https://cdn.jsdelivr.net/gh/Taoxier/resources/img5.jpg)',_binary '',_binary '',_binary '\0',_binary '','2025-05-19 12:08:13','2025-05-19 12:08:13',0,1212,6,6,_binary '\0','',1);
/*!40000 ALTER TABLE `blog` ENABLE KEYS */;
UNLOCK TABLES;

--
-- Table structure for table `blog_tag`
--

DROP TABLE IF EXISTS `blog_tag`;
/*!40101 SET @saved_cs_client     = @@character_set_client */;
/*!50503 SET character_set_client = utf8mb4 */;
CREATE TABLE `blog_tag` (
  `blog_id` bigint NOT NULL,
  `tag_id` bigint NOT NULL
) ENGINE=InnoDB DEFAULT CHARSET=utf8mb4 COLLATE=utf8mb4_general_ci ROW_FORMAT=DYNAMIC;
/*!40101 SET character_set_client = @saved_cs_client */;

--
-- Dumping data for table `blog_tag`
--

LOCK TABLES `blog_tag` WRITE;
/*!40000 ALTER TABLE `blog_tag` DISABLE KEYS */;
INSERT INTO `blog_tag` VALUES (4,4),(5,5),(5,6),(5,7),(5,8),(6,9);
/*!40000 ALTER TABLE `blog_tag` ENABLE KEYS */;
UNLOCK TABLES;

--
-- Table structure for table `category`
--

DROP TABLE IF EXISTS `category`;
/*!40101 SET @saved_cs_client     = @@character_set_client */;
/*!50503 SET character_set_client = utf8mb4 */;
CREATE TABLE `category` (
  `id` bigint NOT NULL AUTO_INCREMENT,
  `category_name` varchar(255) CHARACTER SET utf8mb4 COLLATE utf8mb4_general_ci NOT NULL,
  PRIMARY KEY (`id`) USING BTREE
) ENGINE=InnoDB AUTO_INCREMENT=7 DEFAULT CHARSET=utf8mb4 COLLATE=utf8mb4_general_ci ROW_FORMAT=DYNAMIC;
/*!40101 SET character_set_client = @saved_cs_client */;

--
-- Dumping data for table `category`
--

LOCK TABLES `category` WRITE;
/*!40000 ALTER TABLE `category` DISABLE KEYS */;
INSERT INTO `category` VALUES (4,'first'),(5,'sleep'),(6,'进食');
/*!40000 ALTER TABLE `category` ENABLE KEYS */;
UNLOCK TABLES;

--
-- Table structure for table `city_visitor`
--

DROP TABLE IF EXISTS `city_visitor`;
/*!40101 SET @saved_cs_client     = @@character_set_client */;
/*!50503 SET character_set_client = utf8mb4 */;
CREATE TABLE `city_visitor` (
  `city` varchar(255) CHARACTER SET utf8mb4 COLLATE utf8mb4_general_ci NOT NULL COMMENT '城市名称',
  `uv` int NOT NULL COMMENT '独立访客数量',
  PRIMARY KEY (`city`) USING BTREE
) ENGINE=InnoDB DEFAULT CHARSET=utf8mb4 COLLATE=utf8mb4_general_ci ROW_FORMAT=DYNAMIC;
/*!40101 SET character_set_client = @saved_cs_client */;

--
-- Dumping data for table `city_visitor`
--

LOCK TABLES `city_visitor` WRITE;
/*!40000 ALTER TABLE `city_visitor` DISABLE KEYS */;
/*!40000 ALTER TABLE `city_visitor` ENABLE KEYS */;
UNLOCK TABLES;

--
-- Table structure for table `comment`
--

DROP TABLE IF EXISTS `comment`;
/*!40101 SET @saved_cs_client     = @@character_set_client */;
/*!50503 SET character_set_client = utf8mb4 */;
CREATE TABLE `comment` (
  `id` bigint NOT NULL AUTO_INCREMENT,
  `nickname` varchar(255) CHARACTER SET utf8mb4 COLLATE utf8mb4_general_ci NOT NULL COMMENT '昵称',
  `email` varchar(255) CHARACTER SET utf8mb4 COLLATE utf8mb4_general_ci NOT NULL COMMENT '邮箱',
  `content` varchar(255) CHARACTER SET utf8mb4 COLLATE utf8mb4_general_ci NOT NULL COMMENT '评论内容',
  `avatar` varchar(255) CHARACTER SET utf8mb4 COLLATE utf8mb4_general_ci NOT NULL COMMENT '头像(图片路径)',
  `create_time` datetime DEFAULT NULL COMMENT '评论时间',
  `ip` varchar(255) CHARACTER SET utf8mb4 COLLATE utf8mb4_general_ci DEFAULT NULL COMMENT '评论者ip地址',
  `is_published` bit(1) NOT NULL COMMENT '公开或回收站',
  `is_admin_comment` bit(1) NOT NULL COMMENT '博主回复',
  `page` int NOT NULL COMMENT '0普通文章，1关于我页面，2友链页面',
  `is_notice` bit(1) NOT NULL COMMENT '接收邮件提醒',
  `blog_id` bigint DEFAULT NULL COMMENT '所属的文章',
  `parent_comment_id` bigint NOT NULL COMMENT '父评论id，-1为根评论',
  `website` varchar(255) CHARACTER SET utf8mb4 COLLATE utf8mb4_general_ci DEFAULT NULL COMMENT '个人网站',
  `qq` varchar(255) CHARACTER SET utf8mb4 COLLATE utf8mb4_general_ci DEFAULT NULL COMMENT '如果评论昵称为QQ号，则将昵称和头像置为QQ昵称和QQ头像，并将此字段置为QQ号备份',
  PRIMARY KEY (`id`) USING BTREE
) ENGINE=InnoDB AUTO_INCREMENT=23 DEFAULT CHARSET=utf8mb4 COLLATE=utf8mb4_general_ci ROW_FORMAT=DYNAMIC;
/*!40101 SET character_set_client = @saved_cs_client */;

--
-- Dumping data for table `comment`
--

LOCK TABLES `comment` WRITE;
/*!40000 ALTER TABLE `comment` DISABLE KEYS */;
INSERT INTO `comment` VALUES (6,'yukina','1803173059@qq.com','诶？','/img/comment-avatar/4.jpg','2025-05-19 10:43:28',NULL,_binary '',_binary '\0',0,_binary '',4,-1,'',NULL),(14,'taoxier','admin@taoxier.top','欸？','/img/avatar.jpg','2025-05-19 11:53:24',NULL,_binary '',_binary '',0,_binary '\0',5,-1,'/',NULL),(15,'taoxier','admin@taoxier.top','本当に幸せでした','/img/avatar.jpg','2025-05-19 12:12:49',NULL,_binary '',_binary '',0,_binary '\0',4,-1,'/',NULL),(16,'taoxier','admin@taoxier.top','エターナル','/img/avatar.jpg','2025-05-19 12:13:08',NULL,_binary '',_binary '',0,_binary '\0',4,15,'/',NULL),(17,'taoxier','admin@taoxier.top','ありがとう','/img/avatar.jpg','2025-05-19 12:13:28',NULL,_binary '',_binary '',0,_binary '\0',4,-1,'/',NULL),(18,'taoxier','admin@taoxier.top','初めまして','/img/avatar.jpg','2025-05-19 12:14:33',NULL,_binary '',_binary '',1,_binary '\0',NULL,-1,'/',NULL),(19,'taoxier','admin@taoxier.top','累累的，，，','/img/avatar.jpg','2025-05-19 12:15:06',NULL,_binary '',_binary '',0,_binary '\0',5,-1,'/',NULL),(20,'taoxier','admin@taoxier.top','饿饿的，，，','/img/avatar.jpg','2025-05-19 12:15:25',NULL,_binary '',_binary '',0,_binary '\0',6,-1,'/',NULL),(21,'taoxier','taoxierer@gmail.com','吃饭！！','/img/avatar.jpg','2025-05-19 12:18:36',NULL,_binary '',_binary '',0,_binary '\0',6,-1,'/',NULL),(22,'ahiru','2212895662@qq.com','泥嚎哇','/img/comment-avatar/3.jpg','2025-05-19 12:20:31','localhost',_binary '',_binary '\0',0,_binary '',4,17,'',NULL);
/*!40000 ALTER TABLE `comment` ENABLE KEYS */;
UNLOCK TABLES;

--
-- Table structure for table `exception_log`
--

DROP TABLE IF EXISTS `exception_log`;
/*!40101 SET @saved_cs_client     = @@character_set_client */;
/*!50503 SET character_set_client = utf8mb4 */;
CREATE TABLE `exception_log` (
  `id` bigint NOT NULL AUTO_INCREMENT,
  `uri` varchar(255) CHARACTER SET utf8mb4 COLLATE utf8mb4_general_ci NOT NULL COMMENT '请求接口',
  `method` varchar(255) CHARACTER SET utf8mb4 COLLATE utf8mb4_general_ci NOT NULL COMMENT '请求方式',
  `param` varchar(2000) CHARACTER SET utf8mb4 COLLATE utf8mb4_general_ci DEFAULT NULL COMMENT '请求参数',
  `description` varchar(255) CHARACTER SET utf8mb4 COLLATE utf8mb4_general_ci DEFAULT NULL COMMENT '操作描述',
  `error` text CHARACTER SET utf8mb4 COLLATE utf8mb4_general_ci COMMENT '异常信息',
  `ip` varchar(255) CHARACTER SET utf8mb4 COLLATE utf8mb4_general_ci DEFAULT NULL COMMENT 'ip',
  `ip_source` varchar(255) CHARACTER SET utf8mb4 COLLATE utf8mb4_general_ci DEFAULT NULL COMMENT 'ip来源',
  `os` varchar(255) CHARACTER SET utf8mb4 COLLATE utf8mb4_general_ci DEFAULT NULL COMMENT '操作系统',
  `browser` varchar(255) CHARACTER SET utf8mb4 COLLATE utf8mb4_general_ci DEFAULT NULL COMMENT '浏览器',
  `create_time` datetime NOT NULL COMMENT '操作时间',
  `user_agent` varchar(2000) CHARACTER SET utf8mb4 COLLATE utf8mb4_general_ci DEFAULT NULL COMMENT 'user-agent用户代理',
  PRIMARY KEY (`id`) USING BTREE
) ENGINE=InnoDB AUTO_INCREMENT=3 DEFAULT CHARSET=utf8mb4 COLLATE=utf8mb4_general_ci ROW_FORMAT=DYNAMIC;
/*!40101 SET character_set_client = @saved_cs_client */;

--
-- Dumping data for table `exception_log`
--

LOCK TABLES `exception_log` WRITE;
/*!40000 ALTER TABLE `exception_log` DISABLE KEYS */;
INSERT INTO `exception_log` VALUES (1,'/blogs','GET','{\"pageNum\":1}','访问页面','java.lang.IllegalArgumentException: Unrecognized field \"isTop\" (class top.naccl.model.vo.BlogInfo), not marked as ignorable (12 known properties: \"readTime\", \"top\", \"title\", \"createTime\", \"id\", \"description\", \"views\", \"words\", \"password\", \"category\", \"privacy\", \"tags\"])\n at [Source: UNKNOWN; line: -1, column: -1] (through reference chain: top.naccl.model.vo.BlogInfo[\"isTop\"])\r\n	at com.fasterxml.jackson.databind.ObjectMapper._convert(ObjectMapper.java:3938)\r\n	at com.fasterxml.jackson.databind.ObjectMapper.convertValue(ObjectMapper.java:3869)\r\n	at top.naccl.util.JacksonUtils.convertValue(JacksonUtils.java:55)\r\n	at top.naccl.service.impl.BlogServiceImpl.setBlogViewsFromRedisToPageResult(BlogServiceImpl.java:149)\r\n	at top.naccl.service.impl.BlogServiceImpl.getBlogInfoListByIsPublished(BlogServiceImpl.java:126)\r\n	at top.naccl.service.impl.BlogServiceImpl$$FastClassBySpringCGLIB$$5890a2ac.invoke(<generated>)\r\n	at org.springframework.cglib.proxy.MethodProxy.invoke(MethodProxy.java:218)\r\n	at org.springframework.aop.framework.CglibAopProxy$DynamicAdvisedInterceptor.intercept(CglibAopProxy.java:687)\r\n	at top.naccl.service.impl.BlogServiceImpl$$EnhancerBySpringCGLIB$$df3c4bdf.getBlogInfoListByIsPublished(<generated>)\r\n	at top.naccl.controller.BlogController.blogs(BlogController.java:48)\r\n	at top.naccl.controller.BlogController$$FastClassBySpringCGLIB$$942814c2.invoke(<generated>)\r\n	at org.springframework.cglib.proxy.MethodProxy.invoke(MethodProxy.java:218)\r\n	at org.springframework.aop.framework.CglibAopProxy$CglibMethodInvocation.invokeJoinpoint(CglibAopProxy.java:771)\r\n	at org.springframework.aop.framework.ReflectiveMethodInvocation.proceed(ReflectiveMethodInvocation.java:163)\r\n	at org.springframework.aop.framework.CglibAopProxy$CglibMethodInvocation.proceed(CglibAopProxy.java:749)\r\n	at org.springframework.aop.aspectj.MethodInvocationProceedingJoinPoint.proceed(MethodInvocationProceedingJoinPoint.java:88)\r\n	at top.naccl.aspect.VisitLogAspect.logAround(VisitLogAspect.java:67)\r\n	at java.base/jdk.internal.reflect.NativeMethodAccessorImpl.invoke0(Native Method)\r\n	at java.base/jdk.internal.reflect.NativeMethodAccessorImpl.invoke(NativeMethodAccessorImpl.java:77)\r\n	at java.base/jdk.internal.reflect.DelegatingMethodAccessorImpl.invoke(DelegatingMethodAccessorImpl.java:43)\r\n	at java.base/java.lang.reflect.Method.invoke(Method.java:568)\r\n	at org.springframework.aop.aspectj.AbstractAspectJAdvice.invokeAdviceMethodWithGivenArgs(AbstractAspectJAdvice.java:644)\r\n	at org.springframework.aop.aspectj.AbstractAspectJAdvice.invokeAdviceMethod(AbstractAspectJAdvice.java:633)\r\n	at org.springframework.aop.aspectj.AspectJAroundAdvice.invoke(AspectJAroundAdvice.java:70)\r\n	at org.springframework.aop.framework.ReflectiveMethodInvocation.proceed(ReflectiveMethodInvocation.java:175)\r\n	at org.springframework.aop.framework.CglibAopProxy$CglibMethodInvocation.proceed(CglibAopProxy.java:749)\r\n	at org.springframework.aop.aspectj.AspectJAfterThrowingAdvice.invoke(AspectJAfterThrowingAdvice.java:62)\r\n	at org.springframework.aop.framework.ReflectiveMethodInvocation.proceed(ReflectiveMethodInvocation.java:186)\r\n	at org.springframework.aop.framework.CglibAopProxy$CglibMethodInvocation.proceed(CglibAopProxy.java:749)\r\n	at org.springframework.aop.interceptor.ExposeInvocationInterceptor.invoke(ExposeInvocationInterceptor.java:95)\r\n	at org.springframework.aop.framework.ReflectiveMethodInvocation.proceed(ReflectiveMethodInvocation.java:186)\r\n	at org.springframework.aop.framework.CglibAopProxy$CglibMethodInvocation.proceed(CglibAopProxy.java:749)\r\n	at org.springframework.aop.framework.CglibAopProxy$DynamicAdvisedInterceptor.intercept(CglibAopProxy.java:691)\r\n	at top.naccl.controller.BlogController$$EnhancerBySpringCGLIB$$103f7871.blogs(<generated>)\r\n	at java.base/jdk.internal.reflect.NativeMethodAccessorImpl.invoke0(Native Method)\r\n	at java.base/jdk.internal.reflect.NativeMethodAccessorImpl.invoke(NativeMethodAccessorImpl.java:77)\r\n	at java.base/jdk.internal.reflect.DelegatingMethodAccessorImpl.invoke(DelegatingMethodAccessorImpl.java:43)\r\n	at java.base/java.lang.reflect.Method.invoke(Method.java:568)\r\n	at org.springframework.web.method.support.InvocableHandlerMethod.doInvoke(InvocableHandlerMethod.java:190)\r\n	at org.springframework.web.method.support.InvocableHandlerMethod.invokeForRequest(InvocableHandlerMethod.java:138)\r\n	at org.springframework.web.servlet.mvc.method.annotation.ServletInvocableHandlerMethod.invokeAndHandle(ServletInvocableHandlerMethod.java:105)\r\n	at org.springframework.web.servlet.mvc.method.annotation.RequestMappingHandlerAdapter.invokeHandlerMethod(RequestMappingHandlerAdapter.java:879)\r\n	at org.springframework.web.servlet.mvc.method.annotation.RequestMappingHandlerAdapter.handleInternal(RequestMappingHandlerAdapter.java:793)\r\n	at org.springframework.web.servlet.mvc.method.AbstractHandlerMethodAdapter.handle(AbstractHandlerMethodAdapter.java:87)\r\n	at org.springframework.web.servlet.DispatcherServlet.doDispatch(DispatcherServlet.java:1040)\r\n	at org.springframework.web.servlet.DispatcherServlet.doService(DispatcherServlet.java:943)\r\n	at org.springframework.web.servlet.FrameworkServlet.processRequest(FrameworkServlet.java:1006)\r\n	at org.springframework.web.servlet.FrameworkServlet.doGet(FrameworkServlet.java:898)\r\n	at javax.servlet.http.HttpServlet.service(HttpServlet.java:634)\r\n	at org.springframework.web.servlet.FrameworkServlet.service(FrameworkServlet.java:883)\r\n	at javax.servlet.http.HttpServlet.service(HttpServlet.java:741)\r\n	at org.apache.catalina.core.ApplicationFilterChain.internalDoFilter(ApplicationFilterChain.java:231)\r\n	at org.apache.catalina.core.ApplicationFilterChain.doFilter(ApplicationFilterChain.java:166)\r\n	at org.apache.tomcat.websocket.server.WsFilter.doFilter(WsFilter.java:53)\r\n	at org.apache.catalina.core.ApplicationFilterChain.internalDoFilter(ApplicationFilterChain.java:193)\r\n	at org.apache.catalina.core.ApplicationFilterChain.doFilter(ApplicationFilterChain.java:166)\r\n	at org.springframework.security.web.FilterChainProxy$VirtualFilterChain.doFilter(FilterChainProxy.java:320)\r\n	at org.springframework.security.web.access.intercept.FilterSecurityInterceptor.invoke(FilterSecurityInterceptor.java:126)\r\n	at org.springframework.security.web.access.intercept.FilterSecurityInterceptor.doFilter(FilterSecurityInterceptor.java:90)\r\n	at org.springframework.security.web.FilterChainProxy$VirtualFilterChain.doFilter(FilterChainProxy.java:334)\r\n	at org.springframework.security.web.access.ExceptionTranslationFilter.doFilter(ExceptionTranslationFilter.java:118)\r\n	at org.springframework.security.web.FilterChainProxy$VirtualFilterChain.doFilter(FilterChainProxy.java:334)\r\n	at org.springframework.security.web.session.SessionManagementFilter.doFilter(SessionManagementFilter.java:137)\r\n	at org.springframework.security.web.FilterChainProxy$VirtualFilterChain.doFilter(FilterChainProxy.java:334)\r\n	at org.springframework.security.web.authentication.AnonymousAuthenticationFilter.doFilter(AnonymousAuthenticationFilter.java:111)\r\n	at org.springframework.security.web.FilterChainProxy$VirtualFilterChain.doFilter(FilterChainProxy.java:334)\r\n	at org.springframework.security.web.servletapi.SecurityContextHolderAwareRequestFilter.doFilter(SecurityContextHolderAwareRequestFilter.java:158)\r\n	at org.springframework.security.web.FilterChainProxy$VirtualFilterChain.doFilter(FilterChainProxy.java:334)\r\n	at org.springframework.security.web.savedrequest.RequestCacheAwareFilter.doFilter(RequestCacheAwareFilter.java:63)\r\n	at org.springframework.security.web.FilterChainProxy$VirtualFilterChain.doFilter(FilterChainProxy.java:334)\r\n	at top.naccl.config.JwtFilter.doFilter(JwtFilter.java:35)\r\n	at org.springframework.security.web.FilterChainProxy$VirtualFilterChain.doFilter(FilterChainProxy.java:334)\r\n	at org.springframework.security.web.authentication.AbstractAuthenticationProcessingFilter.doFilter(AbstractAuthenticationProcessingFilter.java:200)\r\n	at org.springframework.security.web.FilterChainProxy$VirtualFilterChain.doFilter(FilterChainProxy.java:334)\r\n	at org.springframework.security.web.authentication.logout.LogoutFilter.doFilter(LogoutFilter.java:116)\r\n	at org.springframework.security.web.FilterChainProxy$VirtualFilterChain.doFilter(FilterChainProxy.java:334)\r\n	at org.springframework.web.filter.CorsFilter.doFilterInternal(CorsFilter.java:92)\r\n	at org.springframework.web.filter.OncePerRequestFilter.doFilter(OncePerRequestFilter.java:119)\r\n	at org.springframework.security.web.FilterChainProxy$VirtualFilterChain.doFilter(FilterChainProxy.java:334)\r\n	at org.springframework.security.web.header.HeaderWriterFilter.doHeadersAfter(HeaderWriterFilter.java:92)\r\n	at org.springframework.security.web.header.HeaderWriterFilter.doFilterInternal(HeaderWriterFilter.java:77)\r\n	at org.springframework.web.filter.OncePerRequestFilter.doFilter(OncePerRequestFilter.java:119)\r\n	at org.springframework.security.web.FilterChainProxy$VirtualFilterChain.doFilter(FilterChainProxy.java:334)\r\n	at org.springframework.security.web.context.SecurityContextPersistenceFilter.doFilter(SecurityContextPersistenceFilter.java:105)\r\n	at org.springframework.security.web.FilterChainProxy$VirtualFilterChain.doFilter(FilterChainProxy.java:334)\r\n	at org.springframework.security.web.context.request.async.WebAsyncManagerIntegrationFilter.doFilterInternal(WebAsyncManagerIntegrationFilter.java:56)\r\n	at org.springframework.web.filter.OncePerRequestFilter.doFilter(OncePerRequestFilter.java:119)\r\n	at org.springframework.security.web.FilterChainProxy$VirtualFilterChain.doFilter(FilterChainProxy.java:334)\r\n	at org.springframework.security.web.FilterChainProxy.doFilterInternal(FilterChainProxy.java:215)\r\n	at org.springframework.security.web.FilterChainProxy.doFilter(FilterChainProxy.java:178)\r\n	at org.springframework.web.filter.DelegatingFilterProxy.invokeDelegate(DelegatingFilterProxy.java:358)\r\n	at org.springframework.web.filter.DelegatingFilterProxy.doFilter(DelegatingFilterProxy.java:271)\r\n	at org.apache.catalina.core.ApplicationFilterChain.internalDoFilter(ApplicationFilterChain.java:193)\r\n	at org.apache.catalina.core.ApplicationFilterChain.doFilter(ApplicationFilterChain.java:166)\r\n	at org.springframework.web.filter.RequestContextFilter.doFilterInternal(RequestContextFilter.java:100)\r\n	at org.springframework.web.filter.OncePerRequestFilter.doFilter(OncePerRequestFilter.java:119)\r\n	at org.apache.catalina.core.ApplicationFilterChain.internalDoFilter(ApplicationFilterChain.java:193)\r\n	at org.apache.catalina.core.ApplicationFilterChain.doFilter(ApplicationFilterChain.java:166)\r\n	at org.springframework.web.filter.FormContentFilter.doFilterInternal(FormContentFilter.java:93)\r\n	at org.springframework.web.filter.OncePerRequestFilter.doFilter(OncePerRequestFilter.java:119)\r\n	at org.apache.catalina.core.ApplicationFilterChain.internalDoFilter(ApplicationFilterChain.java:193)\r\n	at org.apache.catalina.core.ApplicationFilterChain.doFilter(ApplicationFilterChain.java:166)\r\n	at org.springframework.web.filter.CharacterEncodingFilter.doFilterInternal(CharacterEncodingFilter.java:201)\r\n	at org.springframework.web.filter.OncePerRequestFilter.doFilter(OncePerRequestFilter.java:119)\r\n	at org.apache.catalina.core.ApplicationFilterChain.internalDoFilter(ApplicationFilterChain.java:193)\r\n	at org.apache.catalina.core.ApplicationFilterChain.doFilter(ApplicationFilterChain.java:166)\r\n	at org.apache.catalina.core.StandardWrapperValve.invoke(StandardWrapperValve.java:202)\r\n	at org.apache.catalina.core.StandardContextValve.invoke(StandardContextValve.java:96)\r\n	at org.apache.catalina.authenticator.AuthenticatorBase.invoke(AuthenticatorBase.java:541)\r\n	at org.apache.catalina.core.StandardHostValve.invoke(StandardHostValve.java:139)\r\n	at org.apache.catalina.valves.ErrorReportValve.invoke(ErrorReportValve.java:92)\r\n	at org.apache.catalina.core.StandardEngineValve.invoke(StandardEngineValve.java:74)\r\n	at org.apache.catalina.connector.CoyoteAdapter.service(CoyoteAdapter.java:343)\r\n	at org.apache.coyote.http11.Http11Processor.service(Http11Processor.java:373)\r\n	at org.apache.coyote.AbstractProcessorLight.process(AbstractProcessorLight.java:65)\r\n	at org.apache.coyote.AbstractProtocol$ConnectionHandler.process(AbstractProtocol.java:868)\r\n	at org.apache.tomcat.util.net.NioEndpoint$SocketProcessor.doRun(NioEndpoint.java:1590)\r\n	at org.apache.tomcat.util.net.SocketProcessorBase.run(SocketProcessorBase.java:49)\r\n	at java.base/java.util.concurrent.ThreadPoolExecutor.runWorker(ThreadPoolExecutor.java:1136)\r\n	at java.base/java.util.concurrent.ThreadPoolExecutor$Worker.run(ThreadPoolExecutor.java:635)\r\n	at org.apache.tomcat.util.threads.TaskThread$WrappingRunnable.run(TaskThread.java:61)\r\n	at java.base/java.lang.Thread.run(Thread.java:842)\r\nCaused by: com.fasterxml.jackson.databind.exc.UnrecognizedPropertyException: Unrecognized field \"isTop\" (class top.naccl.model.vo.BlogInfo), not marked as ignorable (12 known properties: \"readTime\", \"top\", \"title\", \"createTime\", \"id\", \"description\", \"views\", \"words\", \"password\", \"category\", \"privacy\", \"tags\"])\n at [Source: UNKNOWN; line: -1, column: -1] (through reference chain: top.naccl.model.vo.BlogInfo[\"isTop\"])\r\n	at com.fasterxml.jackson.databind.exc.UnrecognizedPropertyException.from(UnrecognizedPropertyException.java:61)\r\n	at com.fasterxml.jackson.databind.DeserializationContext.handleUnknownProperty(DeserializationContext.java:843)\r\n	at com.fasterxml.jackson.databind.deser.std.StdDeserializer.handleUnknownProperty(StdDeserializer.java:1206)\r\n	at com.fasterxml.jackson.databind.deser.BeanDeserializerBase.handleUnknownProperty(BeanDeserializerBase.java:1610)\r\n	at com.fasterxml.jackson.databind.deser.BeanDeserializerBase.handleUnknownVanilla(BeanDeserializerBase.java:1588)\r\n	at com.fasterxml.jackson.databind.deser.BeanDeserializer.vanillaDeserialize(BeanDeserializer.java:294)\r\n	at com.fasterxml.jackson.databind.deser.BeanDeserializer.deserialize(BeanDeserializer.java:151)\r\n	at com.fasterxml.jackson.databind.ObjectMapper._convert(ObjectMapper.java:3933)\r\n	... 121 more\r\n','192.168.80.137','内网IP|内网IP','Windows NT ??','Chrome 136','2025-05-18 20:19:14','Mozilla/5.0 (Windows NT 10.0; Win64; x64) AppleWebKit/537.36 (KHTML, like Gecko) Chrome/136.0.0.0 Safari/537.36'),(2,'/blogs','GET','{\"pageNum\":1}','访问页面','java.lang.IllegalArgumentException: Unrecognized field \"isTop\" (class top.naccl.model.vo.BlogInfo), not marked as ignorable (12 known properties: \"readTime\", \"top\", \"title\", \"createTime\", \"id\", \"description\", \"views\", \"words\", \"password\", \"category\", \"privacy\", \"tags\"])\n at [Source: UNKNOWN; line: -1, column: -1] (through reference chain: top.naccl.model.vo.BlogInfo[\"isTop\"])\r\n	at com.fasterxml.jackson.databind.ObjectMapper._convert(ObjectMapper.java:3938)\r\n	at com.fasterxml.jackson.databind.ObjectMapper.convertValue(ObjectMapper.java:3869)\r\n	at top.naccl.util.JacksonUtils.convertValue(JacksonUtils.java:55)\r\n	at top.naccl.service.impl.BlogServiceImpl.setBlogViewsFromRedisToPageResult(BlogServiceImpl.java:149)\r\n	at top.naccl.service.impl.BlogServiceImpl.getBlogInfoListByIsPublished(BlogServiceImpl.java:126)\r\n	at top.naccl.service.impl.BlogServiceImpl$$FastClassBySpringCGLIB$$5890a2ac.invoke(<generated>)\r\n	at org.springframework.cglib.proxy.MethodProxy.invoke(MethodProxy.java:218)\r\n	at org.springframework.aop.framework.CglibAopProxy$DynamicAdvisedInterceptor.intercept(CglibAopProxy.java:687)\r\n	at top.naccl.service.impl.BlogServiceImpl$$EnhancerBySpringCGLIB$$df3c4bdf.getBlogInfoListByIsPublished(<generated>)\r\n	at top.naccl.controller.BlogController.blogs(BlogController.java:48)\r\n	at top.naccl.controller.BlogController$$FastClassBySpringCGLIB$$942814c2.invoke(<generated>)\r\n	at org.springframework.cglib.proxy.MethodProxy.invoke(MethodProxy.java:218)\r\n	at org.springframework.aop.framework.CglibAopProxy$CglibMethodInvocation.invokeJoinpoint(CglibAopProxy.java:771)\r\n	at org.springframework.aop.framework.ReflectiveMethodInvocation.proceed(ReflectiveMethodInvocation.java:163)\r\n	at org.springframework.aop.framework.CglibAopProxy$CglibMethodInvocation.proceed(CglibAopProxy.java:749)\r\n	at org.springframework.aop.aspectj.MethodInvocationProceedingJoinPoint.proceed(MethodInvocationProceedingJoinPoint.java:88)\r\n	at top.naccl.aspect.VisitLogAspect.logAround(VisitLogAspect.java:67)\r\n	at java.base/jdk.internal.reflect.NativeMethodAccessorImpl.invoke0(Native Method)\r\n	at java.base/jdk.internal.reflect.NativeMethodAccessorImpl.invoke(NativeMethodAccessorImpl.java:77)\r\n	at java.base/jdk.internal.reflect.DelegatingMethodAccessorImpl.invoke(DelegatingMethodAccessorImpl.java:43)\r\n	at java.base/java.lang.reflect.Method.invoke(Method.java:568)\r\n	at org.springframework.aop.aspectj.AbstractAspectJAdvice.invokeAdviceMethodWithGivenArgs(AbstractAspectJAdvice.java:644)\r\n	at org.springframework.aop.aspectj.AbstractAspectJAdvice.invokeAdviceMethod(AbstractAspectJAdvice.java:633)\r\n	at org.springframework.aop.aspectj.AspectJAroundAdvice.invoke(AspectJAroundAdvice.java:70)\r\n	at org.springframework.aop.framework.ReflectiveMethodInvocation.proceed(ReflectiveMethodInvocation.java:175)\r\n	at org.springframework.aop.framework.CglibAopProxy$CglibMethodInvocation.proceed(CglibAopProxy.java:749)\r\n	at org.springframework.aop.aspectj.AspectJAfterThrowingAdvice.invoke(AspectJAfterThrowingAdvice.java:62)\r\n	at org.springframework.aop.framework.ReflectiveMethodInvocation.proceed(ReflectiveMethodInvocation.java:186)\r\n	at org.springframework.aop.framework.CglibAopProxy$CglibMethodInvocation.proceed(CglibAopProxy.java:749)\r\n	at org.springframework.aop.interceptor.ExposeInvocationInterceptor.invoke(ExposeInvocationInterceptor.java:95)\r\n	at org.springframework.aop.framework.ReflectiveMethodInvocation.proceed(ReflectiveMethodInvocation.java:186)\r\n	at org.springframework.aop.framework.CglibAopProxy$CglibMethodInvocation.proceed(CglibAopProxy.java:749)\r\n	at org.springframework.aop.framework.CglibAopProxy$DynamicAdvisedInterceptor.intercept(CglibAopProxy.java:691)\r\n	at top.naccl.controller.BlogController$$EnhancerBySpringCGLIB$$103f7871.blogs(<generated>)\r\n	at java.base/jdk.internal.reflect.NativeMethodAccessorImpl.invoke0(Native Method)\r\n	at java.base/jdk.internal.reflect.NativeMethodAccessorImpl.invoke(NativeMethodAccessorImpl.java:77)\r\n	at java.base/jdk.internal.reflect.DelegatingMethodAccessorImpl.invoke(DelegatingMethodAccessorImpl.java:43)\r\n	at java.base/java.lang.reflect.Method.invoke(Method.java:568)\r\n	at org.springframework.web.method.support.InvocableHandlerMethod.doInvoke(InvocableHandlerMethod.java:190)\r\n	at org.springframework.web.method.support.InvocableHandlerMethod.invokeForRequest(InvocableHandlerMethod.java:138)\r\n	at org.springframework.web.servlet.mvc.method.annotation.ServletInvocableHandlerMethod.invokeAndHandle(ServletInvocableHandlerMethod.java:105)\r\n	at org.springframework.web.servlet.mvc.method.annotation.RequestMappingHandlerAdapter.invokeHandlerMethod(RequestMappingHandlerAdapter.java:879)\r\n	at org.springframework.web.servlet.mvc.method.annotation.RequestMappingHandlerAdapter.handleInternal(RequestMappingHandlerAdapter.java:793)\r\n	at org.springframework.web.servlet.mvc.method.AbstractHandlerMethodAdapter.handle(AbstractHandlerMethodAdapter.java:87)\r\n	at org.springframework.web.servlet.DispatcherServlet.doDispatch(DispatcherServlet.java:1040)\r\n	at org.springframework.web.servlet.DispatcherServlet.doService(DispatcherServlet.java:943)\r\n	at org.springframework.web.servlet.FrameworkServlet.processRequest(FrameworkServlet.java:1006)\r\n	at org.springframework.web.servlet.FrameworkServlet.doGet(FrameworkServlet.java:898)\r\n	at javax.servlet.http.HttpServlet.service(HttpServlet.java:634)\r\n	at org.springframework.web.servlet.FrameworkServlet.service(FrameworkServlet.java:883)\r\n	at javax.servlet.http.HttpServlet.service(HttpServlet.java:741)\r\n	at org.apache.catalina.core.ApplicationFilterChain.internalDoFilter(ApplicationFilterChain.java:231)\r\n	at org.apache.catalina.core.ApplicationFilterChain.doFilter(ApplicationFilterChain.java:166)\r\n	at org.apache.tomcat.websocket.server.WsFilter.doFilter(WsFilter.java:53)\r\n	at org.apache.catalina.core.ApplicationFilterChain.internalDoFilter(ApplicationFilterChain.java:193)\r\n	at org.apache.catalina.core.ApplicationFilterChain.doFilter(ApplicationFilterChain.java:166)\r\n	at org.springframework.security.web.FilterChainProxy$VirtualFilterChain.doFilter(FilterChainProxy.java:320)\r\n	at org.springframework.security.web.access.intercept.FilterSecurityInterceptor.invoke(FilterSecurityInterceptor.java:126)\r\n	at org.springframework.security.web.access.intercept.FilterSecurityInterceptor.doFilter(FilterSecurityInterceptor.java:90)\r\n	at org.springframework.security.web.FilterChainProxy$VirtualFilterChain.doFilter(FilterChainProxy.java:334)\r\n	at org.springframework.security.web.access.ExceptionTranslationFilter.doFilter(ExceptionTranslationFilter.java:118)\r\n	at org.springframework.security.web.FilterChainProxy$VirtualFilterChain.doFilter(FilterChainProxy.java:334)\r\n	at org.springframework.security.web.session.SessionManagementFilter.doFilter(SessionManagementFilter.java:137)\r\n	at org.springframework.security.web.FilterChainProxy$VirtualFilterChain.doFilter(FilterChainProxy.java:334)\r\n	at org.springframework.security.web.authentication.AnonymousAuthenticationFilter.doFilter(AnonymousAuthenticationFilter.java:111)\r\n	at org.springframework.security.web.FilterChainProxy$VirtualFilterChain.doFilter(FilterChainProxy.java:334)\r\n	at org.springframework.security.web.servletapi.SecurityContextHolderAwareRequestFilter.doFilter(SecurityContextHolderAwareRequestFilter.java:158)\r\n	at org.springframework.security.web.FilterChainProxy$VirtualFilterChain.doFilter(FilterChainProxy.java:334)\r\n	at org.springframework.security.web.savedrequest.RequestCacheAwareFilter.doFilter(RequestCacheAwareFilter.java:63)\r\n	at org.springframework.security.web.FilterChainProxy$VirtualFilterChain.doFilter(FilterChainProxy.java:334)\r\n	at top.naccl.config.JwtFilter.doFilter(JwtFilter.java:35)\r\n	at org.springframework.security.web.FilterChainProxy$VirtualFilterChain.doFilter(FilterChainProxy.java:334)\r\n	at org.springframework.security.web.authentication.AbstractAuthenticationProcessingFilter.doFilter(AbstractAuthenticationProcessingFilter.java:200)\r\n	at org.springframework.security.web.FilterChainProxy$VirtualFilterChain.doFilter(FilterChainProxy.java:334)\r\n	at org.springframework.security.web.authentication.logout.LogoutFilter.doFilter(LogoutFilter.java:116)\r\n	at org.springframework.security.web.FilterChainProxy$VirtualFilterChain.doFilter(FilterChainProxy.java:334)\r\n	at org.springframework.web.filter.CorsFilter.doFilterInternal(CorsFilter.java:92)\r\n	at org.springframework.web.filter.OncePerRequestFilter.doFilter(OncePerRequestFilter.java:119)\r\n	at org.springframework.security.web.FilterChainProxy$VirtualFilterChain.doFilter(FilterChainProxy.java:334)\r\n	at org.springframework.security.web.header.HeaderWriterFilter.doHeadersAfter(HeaderWriterFilter.java:92)\r\n	at org.springframework.security.web.header.HeaderWriterFilter.doFilterInternal(HeaderWriterFilter.java:77)\r\n	at org.springframework.web.filter.OncePerRequestFilter.doFilter(OncePerRequestFilter.java:119)\r\n	at org.springframework.security.web.FilterChainProxy$VirtualFilterChain.doFilter(FilterChainProxy.java:334)\r\n	at org.springframework.security.web.context.SecurityContextPersistenceFilter.doFilter(SecurityContextPersistenceFilter.java:105)\r\n	at org.springframework.security.web.FilterChainProxy$VirtualFilterChain.doFilter(FilterChainProxy.java:334)\r\n	at org.springframework.security.web.context.request.async.WebAsyncManagerIntegrationFilter.doFilterInternal(WebAsyncManagerIntegrationFilter.java:56)\r\n	at org.springframework.web.filter.OncePerRequestFilter.doFilter(OncePerRequestFilter.java:119)\r\n	at org.springframework.security.web.FilterChainProxy$VirtualFilterChain.doFilter(FilterChainProxy.java:334)\r\n	at org.springframework.security.web.FilterChainProxy.doFilterInternal(FilterChainProxy.java:215)\r\n	at org.springframework.security.web.FilterChainProxy.doFilter(FilterChainProxy.java:178)\r\n	at org.springframework.web.filter.DelegatingFilterProxy.invokeDelegate(DelegatingFilterProxy.java:358)\r\n	at org.springframework.web.filter.DelegatingFilterProxy.doFilter(DelegatingFilterProxy.java:271)\r\n	at org.apache.catalina.core.ApplicationFilterChain.internalDoFilter(ApplicationFilterChain.java:193)\r\n	at org.apache.catalina.core.ApplicationFilterChain.doFilter(ApplicationFilterChain.java:166)\r\n	at org.springframework.web.filter.RequestContextFilter.doFilterInternal(RequestContextFilter.java:100)\r\n	at org.springframework.web.filter.OncePerRequestFilter.doFilter(OncePerRequestFilter.java:119)\r\n	at org.apache.catalina.core.ApplicationFilterChain.internalDoFilter(ApplicationFilterChain.java:193)\r\n	at org.apache.catalina.core.ApplicationFilterChain.doFilter(ApplicationFilterChain.java:166)\r\n	at org.springframework.web.filter.FormContentFilter.doFilterInternal(FormContentFilter.java:93)\r\n	at org.springframework.web.filter.OncePerRequestFilter.doFilter(OncePerRequestFilter.java:119)\r\n	at org.apache.catalina.core.ApplicationFilterChain.internalDoFilter(ApplicationFilterChain.java:193)\r\n	at org.apache.catalina.core.ApplicationFilterChain.doFilter(ApplicationFilterChain.java:166)\r\n	at org.springframework.web.filter.CharacterEncodingFilter.doFilterInternal(CharacterEncodingFilter.java:201)\r\n	at org.springframework.web.filter.OncePerRequestFilter.doFilter(OncePerRequestFilter.java:119)\r\n	at org.apache.catalina.core.ApplicationFilterChain.internalDoFilter(ApplicationFilterChain.java:193)\r\n	at org.apache.catalina.core.ApplicationFilterChain.doFilter(ApplicationFilterChain.java:166)\r\n	at org.apache.catalina.core.StandardWrapperValve.invoke(StandardWrapperValve.java:202)\r\n	at org.apache.catalina.core.StandardContextValve.invoke(StandardContextValve.java:96)\r\n	at org.apache.catalina.authenticator.AuthenticatorBase.invoke(AuthenticatorBase.java:541)\r\n	at org.apache.catalina.core.StandardHostValve.invoke(StandardHostValve.java:139)\r\n	at org.apache.catalina.valves.ErrorReportValve.invoke(ErrorReportValve.java:92)\r\n	at org.apache.catalina.core.StandardEngineValve.invoke(StandardEngineValve.java:74)\r\n	at org.apache.catalina.connector.CoyoteAdapter.service(CoyoteAdapter.java:343)\r\n	at org.apache.coyote.http11.Http11Processor.service(Http11Processor.java:373)\r\n	at org.apache.coyote.AbstractProcessorLight.process(AbstractProcessorLight.java:65)\r\n	at org.apache.coyote.AbstractProtocol$ConnectionHandler.process(AbstractProtocol.java:868)\r\n	at org.apache.tomcat.util.net.NioEndpoint$SocketProcessor.doRun(NioEndpoint.java:1590)\r\n	at org.apache.tomcat.util.net.SocketProcessorBase.run(SocketProcessorBase.java:49)\r\n	at java.base/java.util.concurrent.ThreadPoolExecutor.runWorker(ThreadPoolExecutor.java:1136)\r\n	at java.base/java.util.concurrent.ThreadPoolExecutor$Worker.run(ThreadPoolExecutor.java:635)\r\n	at org.apache.tomcat.util.threads.TaskThread$WrappingRunnable.run(TaskThread.java:61)\r\n	at java.base/java.lang.Thread.run(Thread.java:842)\r\nCaused by: com.fasterxml.jackson.databind.exc.UnrecognizedPropertyException: Unrecognized field \"isTop\" (class top.naccl.model.vo.BlogInfo), not marked as ignorable (12 known properties: \"readTime\", \"top\", \"title\", \"createTime\", \"id\", \"description\", \"views\", \"words\", \"password\", \"category\", \"privacy\", \"tags\"])\n at [Source: UNKNOWN; line: -1, column: -1] (through reference chain: top.naccl.model.vo.BlogInfo[\"isTop\"])\r\n	at com.fasterxml.jackson.databind.exc.UnrecognizedPropertyException.from(UnrecognizedPropertyException.java:61)\r\n	at com.fasterxml.jackson.databind.DeserializationContext.handleUnknownProperty(DeserializationContext.java:843)\r\n	at com.fasterxml.jackson.databind.deser.std.StdDeserializer.handleUnknownProperty(StdDeserializer.java:1206)\r\n	at com.fasterxml.jackson.databind.deser.BeanDeserializerBase.handleUnknownProperty(BeanDeserializerBase.java:1610)\r\n	at com.fasterxml.jackson.databind.deser.BeanDeserializerBase.handleUnknownVanilla(BeanDeserializerBase.java:1588)\r\n	at com.fasterxml.jackson.databind.deser.BeanDeserializer.vanillaDeserialize(BeanDeserializer.java:294)\r\n	at com.fasterxml.jackson.databind.deser.BeanDeserializer.deserialize(BeanDeserializer.java:151)\r\n	at com.fasterxml.jackson.databind.ObjectMapper._convert(ObjectMapper.java:3933)\r\n	... 121 more\r\n','192.168.80.137','内网IP|内网IP','Windows NT ??','Chrome 136','2025-05-18 20:19:17','Mozilla/5.0 (Windows NT 10.0; Win64; x64) AppleWebKit/537.36 (KHTML, like Gecko) Chrome/136.0.0.0 Safari/537.36');
/*!40000 ALTER TABLE `exception_log` ENABLE KEYS */;
UNLOCK TABLES;

--
-- Table structure for table `friend`
--

DROP TABLE IF EXISTS `friend`;
/*!40101 SET @saved_cs_client     = @@character_set_client */;
/*!50503 SET character_set_client = utf8mb4 */;
CREATE TABLE `friend` (
  `id` bigint NOT NULL AUTO_INCREMENT,
  `nickname` varchar(255) CHARACTER SET utf8mb4 COLLATE utf8mb4_general_ci NOT NULL COMMENT '昵称',
  `description` varchar(255) CHARACTER SET utf8mb4 COLLATE utf8mb4_general_ci NOT NULL COMMENT '描述',
  `website` varchar(255) CHARACTER SET utf8mb4 COLLATE utf8mb4_general_ci NOT NULL COMMENT '站点',
  `avatar` varchar(255) CHARACTER SET utf8mb4 COLLATE utf8mb4_general_ci NOT NULL COMMENT '头像',
  `is_published` bit(1) NOT NULL COMMENT '公开或隐藏',
  `views` int NOT NULL COMMENT '点击次数',
  `create_time` datetime NOT NULL COMMENT '创建时间',
  PRIMARY KEY (`id`) USING BTREE
) ENGINE=InnoDB DEFAULT CHARSET=utf8mb4 COLLATE=utf8mb4_general_ci ROW_FORMAT=DYNAMIC;
/*!40101 SET character_set_client = @saved_cs_client */;

--
-- Dumping data for table `friend`
--

LOCK TABLES `friend` WRITE;
/*!40000 ALTER TABLE `friend` DISABLE KEYS */;
/*!40000 ALTER TABLE `friend` ENABLE KEYS */;
UNLOCK TABLES;

--
-- Table structure for table `login_log`
--

DROP TABLE IF EXISTS `login_log`;
/*!40101 SET @saved_cs_client     = @@character_set_client */;
/*!50503 SET character_set_client = utf8mb4 */;
CREATE TABLE `login_log` (
  `id` bigint NOT NULL AUTO_INCREMENT,
  `username` varchar(255) CHARACTER SET utf8mb4 COLLATE utf8mb4_general_ci NOT NULL COMMENT '用户名称',
  `ip` varchar(255) CHARACTER SET utf8mb4 COLLATE utf8mb4_general_ci DEFAULT NULL COMMENT 'ip',
  `ip_source` varchar(255) CHARACTER SET utf8mb4 COLLATE utf8mb4_general_ci DEFAULT NULL COMMENT 'ip来源',
  `os` varchar(255) CHARACTER SET utf8mb4 COLLATE utf8mb4_general_ci DEFAULT NULL COMMENT '操作系统',
  `browser` varchar(255) CHARACTER SET utf8mb4 COLLATE utf8mb4_general_ci DEFAULT NULL COMMENT '浏览器',
  `status` bit(1) DEFAULT NULL COMMENT '登录状态',
  `description` varchar(255) CHARACTER SET utf8mb4 COLLATE utf8mb4_general_ci DEFAULT NULL COMMENT '操作描述',
  `create_time` datetime NOT NULL COMMENT '登录时间',
  `user_agent` varchar(2000) CHARACTER SET utf8mb4 COLLATE utf8mb4_general_ci DEFAULT NULL COMMENT 'user-agent用户代理',
  PRIMARY KEY (`id`) USING BTREE
) ENGINE=InnoDB AUTO_INCREMENT=5 DEFAULT CHARSET=utf8mb4 COLLATE=utf8mb4_general_ci ROW_FORMAT=DYNAMIC;
/*!40101 SET character_set_client = @saved_cs_client */;

--
-- Dumping data for table `login_log`
--

LOCK TABLES `login_log` WRITE;
/*!40000 ALTER TABLE `login_log` DISABLE KEYS */;
INSERT INTO `login_log` VALUES (1,'Admin',NULL,'','Windows NT ??','Chrome 136',_binary '','登录成功','2025-05-18 18:56:04','Mozilla/5.0 (Windows NT 10.0; Win64; x64) AppleWebKit/537.36 (KHTML, like Gecko) Chrome/136.0.0.0 Safari/537.36'),(2,'taoxier',NULL,'','Windows NT ??','Chrome 136',_binary '','登录成功','2025-05-19 11:40:49','Mozilla/5.0 (Windows NT 10.0; Win64; x64) AppleWebKit/537.36 (KHTML, like Gecko) Chrome/136.0.0.0 Safari/537.36'),(3,'admin',NULL,'','Windows NT ??','Chrome 136',_binary '','登录成功','2025-05-19 11:47:04','Mozilla/5.0 (Windows NT 10.0; Win64; x64) AppleWebKit/537.36 (KHTML, like Gecko) Chrome/136.0.0.0 Safari/537.36'),(4,'taoxier',NULL,'','Windows NT ??','Chrome 136',_binary '','登录成功','2025-05-19 12:05:13','Mozilla/5.0 (Windows NT 10.0; Win64; x64) AppleWebKit/537.36 (KHTML, like Gecko) Chrome/136.0.0.0 Safari/537.36');
/*!40000 ALTER TABLE `login_log` ENABLE KEYS */;
UNLOCK TABLES;

--
-- Table structure for table `moment`
--

DROP TABLE IF EXISTS `moment`;
/*!40101 SET @saved_cs_client     = @@character_set_client */;
/*!50503 SET character_set_client = utf8mb4 */;
CREATE TABLE `moment` (
  `id` bigint NOT NULL AUTO_INCREMENT,
  `content` longtext CHARACTER SET utf8mb4 COLLATE utf8mb4_general_ci NOT NULL COMMENT '动态内容',
  `create_time` datetime NOT NULL COMMENT '创建时间',
  `likes` int DEFAULT NULL COMMENT '点赞数量',
  `is_published` bit(1) NOT NULL COMMENT '是否公开',
  PRIMARY KEY (`id`) USING BTREE
) ENGINE=InnoDB AUTO_INCREMENT=2 DEFAULT CHARSET=utf8mb4 COLLATE=utf8mb4_general_ci ROW_FORMAT=DYNAMIC;
/*!40101 SET character_set_client = @saved_cs_client */;

--
-- Dumping data for table `moment`
--

LOCK TABLES `moment` WRITE;
/*!40000 ALTER TABLE `moment` DISABLE KEYS */;
INSERT INTO `moment` VALUES (1,'致不灭的你\n\n![first](https://cdn.jsdelivr.net/gh/Taoxier/resources/img7.jpg)','2025-05-19 04:34:01',1,_binary '');
/*!40000 ALTER TABLE `moment` ENABLE KEYS */;
UNLOCK TABLES;

--
-- Table structure for table `operation_log`
--

DROP TABLE IF EXISTS `operation_log`;
/*!40101 SET @saved_cs_client     = @@character_set_client */;
/*!50503 SET character_set_client = utf8mb4 */;
CREATE TABLE `operation_log` (
  `id` bigint NOT NULL AUTO_INCREMENT,
  `username` varchar(255) CHARACTER SET utf8mb4 COLLATE utf8mb4_general_ci NOT NULL COMMENT '操作者用户名',
  `uri` varchar(255) CHARACTER SET utf8mb4 COLLATE utf8mb4_general_ci NOT NULL COMMENT '请求接口',
  `method` varchar(255) CHARACTER SET utf8mb4 COLLATE utf8mb4_general_ci NOT NULL COMMENT '请求方式',
  `param` varchar(2000) CHARACTER SET utf8mb4 COLLATE utf8mb4_general_ci DEFAULT NULL COMMENT '请求参数',
  `description` varchar(255) CHARACTER SET utf8mb4 COLLATE utf8mb4_general_ci DEFAULT NULL COMMENT '操作描述',
  `ip` varchar(255) CHARACTER SET utf8mb4 COLLATE utf8mb4_general_ci DEFAULT NULL COMMENT 'ip',
  `ip_source` varchar(255) CHARACTER SET utf8mb4 COLLATE utf8mb4_general_ci DEFAULT NULL COMMENT 'ip来源',
  `os` varchar(255) CHARACTER SET utf8mb4 COLLATE utf8mb4_general_ci DEFAULT NULL COMMENT '操作系统',
  `browser` varchar(255) CHARACTER SET utf8mb4 COLLATE utf8mb4_general_ci DEFAULT NULL COMMENT '浏览器',
  `times` int NOT NULL COMMENT '请求耗时（毫秒）',
  `create_time` datetime NOT NULL COMMENT '操作时间',
  `user_agent` varchar(2000) CHARACTER SET utf8mb4 COLLATE utf8mb4_general_ci DEFAULT NULL COMMENT 'user-agent用户代理',
  PRIMARY KEY (`id`) USING BTREE
) ENGINE=InnoDB DEFAULT CHARSET=utf8mb4 COLLATE=utf8mb4_general_ci ROW_FORMAT=DYNAMIC;
/*!40101 SET character_set_client = @saved_cs_client */;

--
-- Dumping data for table `operation_log`
--

LOCK TABLES `operation_log` WRITE;
/*!40000 ALTER TABLE `operation_log` DISABLE KEYS */;
/*!40000 ALTER TABLE `operation_log` ENABLE KEYS */;
UNLOCK TABLES;

--
-- Table structure for table `schedule_job`
--

DROP TABLE IF EXISTS `schedule_job`;
/*!40101 SET @saved_cs_client     = @@character_set_client */;
/*!50503 SET character_set_client = utf8mb4 */;
CREATE TABLE `schedule_job` (
  `job_id` bigint NOT NULL AUTO_INCREMENT COMMENT '任务id',
  `bean_name` varchar(255) CHARACTER SET utf8mb4 COLLATE utf8mb4_general_ci DEFAULT NULL COMMENT 'spring bean名称',
  `method_name` varchar(255) CHARACTER SET utf8mb4 COLLATE utf8mb4_general_ci DEFAULT NULL COMMENT '方法名',
  `params` varchar(255) CHARACTER SET utf8mb4 COLLATE utf8mb4_general_ci DEFAULT NULL COMMENT '参数',
  `cron` varchar(255) CHARACTER SET utf8mb4 COLLATE utf8mb4_general_ci DEFAULT NULL COMMENT 'cron表达式',
  `status` tinyint DEFAULT NULL COMMENT '任务状态',
  `remark` varchar(255) CHARACTER SET utf8mb4 COLLATE utf8mb4_general_ci DEFAULT NULL COMMENT '备注',
  `create_time` datetime DEFAULT NULL COMMENT '创建时间',
  PRIMARY KEY (`job_id`) USING BTREE
) ENGINE=InnoDB AUTO_INCREMENT=3 DEFAULT CHARSET=utf8mb4 COLLATE=utf8mb4_general_ci ROW_FORMAT=DYNAMIC;
/*!40101 SET character_set_client = @saved_cs_client */;

--
-- Dumping data for table `schedule_job`
--

LOCK TABLES `schedule_job` WRITE;
/*!40000 ALTER TABLE `schedule_job` DISABLE KEYS */;
INSERT INTO `schedule_job` VALUES (1,'redisSyncScheduleTask','syncBlogViewsToDatabase','','0 0 1 * * ?',1,'每天凌晨一点，从Redis将博客浏览量同步到数据库','2020-11-17 23:45:42'),(2,'visitorSyncScheduleTask','syncVisitInfoToDatabase','','0 0 0 * * ?',1,'清空当天Redis访客标识，记录当天的PV和UV，更新当天所有访客的PV和最后访问时间，更新城市新增访客UV数','2021-02-05 08:14:28');
/*!40000 ALTER TABLE `schedule_job` ENABLE KEYS */;
UNLOCK TABLES;

--
-- Table structure for table `schedule_job_log`
--

DROP TABLE IF EXISTS `schedule_job_log`;
/*!40101 SET @saved_cs_client     = @@character_set_client */;
/*!50503 SET character_set_client = utf8mb4 */;
CREATE TABLE `schedule_job_log` (
  `log_id` bigint NOT NULL AUTO_INCREMENT COMMENT '任务日志id',
  `job_id` bigint NOT NULL COMMENT '任务id',
  `bean_name` varchar(255) CHARACTER SET utf8mb4 COLLATE utf8mb4_general_ci DEFAULT NULL COMMENT 'spring bean名称',
  `method_name` varchar(255) CHARACTER SET utf8mb4 COLLATE utf8mb4_general_ci DEFAULT NULL COMMENT '方法名',
  `params` varchar(255) CHARACTER SET utf8mb4 COLLATE utf8mb4_general_ci DEFAULT NULL COMMENT '参数',
  `status` tinyint NOT NULL COMMENT '任务执行结果',
  `error` text CHARACTER SET utf8mb4 COLLATE utf8mb4_general_ci COMMENT '异常信息',
  `times` int NOT NULL COMMENT '耗时（单位：毫秒）',
  `create_time` datetime DEFAULT NULL COMMENT '创建时间',
  PRIMARY KEY (`log_id`) USING BTREE
) ENGINE=InnoDB AUTO_INCREMENT=3 DEFAULT CHARSET=utf8mb4 COLLATE=utf8mb4_general_ci ROW_FORMAT=DYNAMIC;
/*!40101 SET character_set_client = @saved_cs_client */;

--
-- Dumping data for table `schedule_job_log`
--

LOCK TABLES `schedule_job_log` WRITE;
/*!40000 ALTER TABLE `schedule_job_log` DISABLE KEYS */;
INSERT INTO `schedule_job_log` VALUES (1,2,'visitorSyncScheduleTask','syncVisitInfoToDatabase','',0,'org.springframework.beans.factory.NoSuchBeanDefinitionException: No bean named \'visitorSyncScheduleTask\' available',4,'2025-05-19 00:00:00'),(2,1,'redisSyncScheduleTask','syncBlogViewsToDatabase','',0,'org.springframework.beans.factory.NoSuchBeanDefinitionException: No bean named \'redisSyncScheduleTask\' available',2,'2025-05-19 01:00:00');
/*!40000 ALTER TABLE `schedule_job_log` ENABLE KEYS */;
UNLOCK TABLES;

--
-- Table structure for table `site_setting`
--

DROP TABLE IF EXISTS `site_setting`;
/*!40101 SET @saved_cs_client     = @@character_set_client */;
/*!50503 SET character_set_client = utf8mb4 */;
CREATE TABLE `site_setting` (
  `id` bigint NOT NULL AUTO_INCREMENT,
  `name_en` varchar(255) CHARACTER SET utf8mb4 COLLATE utf8mb4_general_ci DEFAULT NULL,
  `name_zh` varchar(255) CHARACTER SET utf8mb4 COLLATE utf8mb4_general_ci DEFAULT NULL,
  `value` longtext CHARACTER SET utf8mb4 COLLATE utf8mb4_general_ci,
  `type` int DEFAULT NULL COMMENT '1基础设置，2页脚徽标，3资料卡，4友链信息',
  PRIMARY KEY (`id`) USING BTREE
) ENGINE=InnoDB AUTO_INCREMENT=33 DEFAULT CHARSET=utf8mb4 COLLATE=utf8mb4_general_ci ROW_FORMAT=DYNAMIC;
/*!40101 SET character_set_client = @saved_cs_client */;

--
-- Dumping data for table `site_setting`
--

LOCK TABLES `site_setting` WRITE;
/*!40000 ALTER TABLE `site_setting` DISABLE KEYS */;
INSERT INTO `site_setting` VALUES (1,'blogName','博客名称','Taoxier\'s Blog',1),(2,'webTitleSuffix','网页标题后缀',' - Taoxier\'s Blog',1),(3,'footerImgTitle','页脚图片标题','v我50',1),(4,'footerImgUrl','页脚图片路径','/img/vivo50.jpg',1),(5,'copyright','CopyrightVO','{\"title\":\"CopyrightVO © 2025 - 2025\",\"siteName\":\"TAOXIER\'S BLOG\"}',1),(6,'beian','ICP备案号','',1),(7,'reward','赞赏码','/img/reward.jpg',1),(8,'commentAdminFlag','博主评论标识','博主',1),(9,'playlistServer','播放器平台','netease',1),(10,'playlistId','播放器歌单','',1),(11,'avatar','头像','/img/avatar.jpg',2),(12,'name','昵称','Taoxier',2),(13,'rollText','滚动个签','\"在金色河川里漂流的橡皮鸭队长\"',2),(14,'github','GitHub','https://github.com/Taoxier',2),(15,'telegram','Telegram',NULL,2),(16,'qq','QQ','',2),(17,'bilibili','bilibili','',2),(18,'netease','网易云音乐','https://music.163.com/#/user/home?id=635894736',2),(19,'email','email','taoxierer@gmail.com',2),(20,'favorite','自定义','{\"title\":\"美しい彼\",\"content\":\"平良と清居\"}',2),(21,'favorite','自定义','{\"title\":\"十四番号の月\",\"content\":\"喜欢，好喜欢，太过喜欢，无法填满，这份心情就如同十四那天将满未盈的月亮\"}',2),(22,'favorite','自定义','{\"title\":\"最喜欢玩的游戏 🎮\",\"content\":\"明日方舟、重返未来1999、星露谷物语、东方夜雀食堂\"}',2),(23,'badge','徽标','{\"title\":\"本博客已开源于 GitHub\",\"url\":\"https://github.com/Taoxier/TaoXiBlog\",\"subject\":\"TaoXiBlog\",\"value\":\"Open Source\",\"color\":\"orange\"}',3),(24,'badge','徽标','{\"title\":\"由 Spring Boot 强力驱动\",\"url\":\"https://spring.io/projects/spring-boot/\",\"subject\":\"Powered\",\"value\":\"Spring Boot\",\"color\":\"blue\"}',3),(25,'badge','徽标','{\"title\":\"Vue.js 客户端渲染\",\"url\":\"https://cn.vuejs.org/\",\"subject\":\"SPA\",\"value\":\"Vue.js\",\"color\":\"brightgreen\"}',3),(26,'badge','徽标','{\"title\":\"UI 框架 Semantic-UI\",\"url\":\"https://semantic-ui.com/\",\"subject\":\"UI\",\"value\":\"Semantic-UI\",\"color\":\"semantic-ui\"}',3),(30,'badge','徽标','{\"color\":\"lightgray\",\"subject\":\"CC\",\"title\":\"本站点采用 CC BY 4.0 国际许可协议进行许可\",\"url\":\"https://creativecommons.org/licenses/by/4.0/\",\"value\":\"BY 4.0\"}',3),(31,'friendContent','友链页面信息','嗯，你好',4),(32,'friendCommentEnabled','友链页面评论开关','1',4);
/*!40000 ALTER TABLE `site_setting` ENABLE KEYS */;
UNLOCK TABLES;

--
-- Table structure for table `tag`
--

DROP TABLE IF EXISTS `tag`;
/*!40101 SET @saved_cs_client     = @@character_set_client */;
/*!50503 SET character_set_client = utf8mb4 */;
CREATE TABLE `tag` (
  `id` bigint NOT NULL AUTO_INCREMENT,
  `tag_name` varchar(255) CHARACTER SET utf8mb4 COLLATE utf8mb4_general_ci NOT NULL,
  `color` varchar(255) CHARACTER SET utf8mb4 COLLATE utf8mb4_general_ci DEFAULT NULL COMMENT '标签颜色(可选)',
  PRIMARY KEY (`id`) USING BTREE
) ENGINE=InnoDB AUTO_INCREMENT=10 DEFAULT CHARSET=utf8mb4 COLLATE=utf8mb4_general_ci ROW_FORMAT=DYNAMIC;
/*!40101 SET character_set_client = @saved_cs_client */;

--
-- Dumping data for table `tag`
--

LOCK TABLES `tag` WRITE;
/*!40000 ALTER TABLE `tag` DISABLE KEYS */;
INSERT INTO `tag` VALUES (4,'first','orange'),(5,'sleep','yellow'),(6,'tired','violet'),(7,'clod','blue'),(8,'hungry','olive'),(9,'进食','brown');
/*!40000 ALTER TABLE `tag` ENABLE KEYS */;
UNLOCK TABLES;

--
-- Table structure for table `user`
--

DROP TABLE IF EXISTS `user`;
/*!40101 SET @saved_cs_client     = @@character_set_client */;
/*!50503 SET character_set_client = utf8mb4 */;
CREATE TABLE `user` (
  `id` bigint NOT NULL AUTO_INCREMENT,
  `username` varchar(255) CHARACTER SET utf8mb4 COLLATE utf8mb4_general_ci NOT NULL COMMENT '用户名',
  `password` varchar(255) CHARACTER SET utf8mb4 COLLATE utf8mb4_general_ci NOT NULL COMMENT '密码',
  `nickname` varchar(255) CHARACTER SET utf8mb4 COLLATE utf8mb4_general_ci NOT NULL COMMENT '昵称',
  `avatar` varchar(255) CHARACTER SET utf8mb4 COLLATE utf8mb4_general_ci NOT NULL COMMENT '头像地址',
  `email` varchar(255) CHARACTER SET utf8mb4 COLLATE utf8mb4_general_ci NOT NULL COMMENT '邮箱',
  `create_time` datetime NOT NULL COMMENT '创建时间',
  `update_time` datetime NOT NULL COMMENT '更新时间',
  `role` varchar(255) CHARACTER SET utf8mb4 COLLATE utf8mb4_general_ci NOT NULL COMMENT '角色访问权限',
  PRIMARY KEY (`id`) USING BTREE
) ENGINE=InnoDB AUTO_INCREMENT=2 DEFAULT CHARSET=utf8mb4 COLLATE=utf8mb4_general_ci ROW_FORMAT=DYNAMIC;
/*!40101 SET character_set_client = @saved_cs_client */;

--
-- Dumping data for table `user`
--

LOCK TABLES `user` WRITE;
/*!40000 ALTER TABLE `user` DISABLE KEYS */;
INSERT INTO `user` VALUES (1,'taoxier','$2a$10$IiGp9SMe7ToElPTjTUstVOFqyWis5fHTAnmtEa5t7JMt6MfXn.8zC','taoxier','/img/avatar.jpg','taoxierer@gmail.com','2025-04-20 16:47:18','2025-04-20 16:47:22','ROLE_admin');
/*!40000 ALTER TABLE `user` ENABLE KEYS */;
UNLOCK TABLES;

--
-- Table structure for table `visit_log`
--

DROP TABLE IF EXISTS `visit_log`;
/*!40101 SET @saved_cs_client     = @@character_set_client */;
/*!50503 SET character_set_client = utf8mb4 */;
CREATE TABLE `visit_log` (
  `id` bigint NOT NULL AUTO_INCREMENT,
  `uuid` varchar(36) CHARACTER SET utf8mb4 COLLATE utf8mb4_general_ci DEFAULT NULL COMMENT '访客标识码',
  `uri` varchar(255) CHARACTER SET utf8mb4 COLLATE utf8mb4_general_ci NOT NULL COMMENT '请求接口',
  `method` varchar(255) CHARACTER SET utf8mb4 COLLATE utf8mb4_general_ci NOT NULL COMMENT '请求方式',
  `param` varchar(2000) CHARACTER SET utf8mb4 COLLATE utf8mb4_general_ci NOT NULL COMMENT '请求参数',
  `behavior` varchar(255) CHARACTER SET utf8mb4 COLLATE utf8mb4_general_ci DEFAULT NULL COMMENT '访问行为',
  `content` varchar(255) CHARACTER SET utf8mb4 COLLATE utf8mb4_general_ci DEFAULT NULL COMMENT '访问内容',
  `remark` varchar(255) CHARACTER SET utf8mb4 COLLATE utf8mb4_general_ci DEFAULT NULL COMMENT '备注',
  `ip` varchar(255) CHARACTER SET utf8mb4 COLLATE utf8mb4_general_ci DEFAULT NULL COMMENT 'ip',
  `ip_source` varchar(255) CHARACTER SET utf8mb4 COLLATE utf8mb4_general_ci DEFAULT NULL COMMENT 'ip来源',
  `os` varchar(255) CHARACTER SET utf8mb4 COLLATE utf8mb4_general_ci DEFAULT NULL COMMENT '操作系统',
  `browser` varchar(255) CHARACTER SET utf8mb4 COLLATE utf8mb4_general_ci DEFAULT NULL COMMENT '浏览器',
  `times` int NOT NULL COMMENT '请求耗时（毫秒）',
  `create_time` datetime NOT NULL COMMENT '访问时间',
  `user_agent` varchar(2000) CHARACTER SET utf8mb4 COLLATE utf8mb4_general_ci DEFAULT NULL COMMENT 'user-agent用户代理',
  PRIMARY KEY (`id`) USING BTREE
) ENGINE=InnoDB AUTO_INCREMENT=13 DEFAULT CHARSET=utf8mb4 COLLATE=utf8mb4_general_ci ROW_FORMAT=DYNAMIC;
/*!40101 SET character_set_client = @saved_cs_client */;

--
-- Dumping data for table `visit_log`
--

LOCK TABLES `visit_log` WRITE;
/*!40000 ALTER TABLE `visit_log` DISABLE KEYS */;
INSERT INTO `visit_log` VALUES (1,'cd264062-7837-39b6-b725-624cb98191a2','/about','GET','{}','访问页面','关于我','','192.168.80.137','内网IP|内网IP','Windows NT ??','Chrome 136',58,'2025-05-18 20:19:13','Mozilla/5.0 (Windows NT 10.0; Win64; x64) AppleWebKit/537.36 (KHTML, like Gecko) Chrome/136.0.0.0 Safari/537.36'),(2,'cd264062-7837-39b6-b725-624cb98191a2','/archives','GET','{}','访问页面','归档','','192.168.80.137','内网IP|内网IP','Windows NT ??','Chrome 136',2,'2025-05-18 20:19:23','Mozilla/5.0 (Windows NT 10.0; Win64; x64) AppleWebKit/537.36 (KHTML, like Gecko) Chrome/136.0.0.0 Safari/537.36'),(3,'cd264062-7837-39b6-b725-624cb98191a2','/moments','GET','{\"pageNum\":1}','访问页面','动态','第1页','192.168.80.137','内网IP|内网IP','Windows NT ??','Chrome 136',7,'2025-05-18 20:19:24','Mozilla/5.0 (Windows NT 10.0; Win64; x64) AppleWebKit/537.36 (KHTML, like Gecko) Chrome/136.0.0.0 Safari/537.36'),(4,'cd264062-7837-39b6-b725-624cb98191a2','/friends','GET','{}','访问页面','友链','','192.168.80.137','内网IP|内网IP','Windows NT ??','Chrome 136',9,'2025-05-18 20:19:25','Mozilla/5.0 (Windows NT 10.0; Win64; x64) AppleWebKit/537.36 (KHTML, like Gecko) Chrome/136.0.0.0 Safari/537.36'),(5,'cd264062-7837-39b6-b725-624cb98191a2','/about','GET','{}','访问页面','关于我','','192.168.80.137','内网IP|内网IP','Windows NT ??','Chrome 136',0,'2025-05-18 20:19:26','Mozilla/5.0 (Windows NT 10.0; Win64; x64) AppleWebKit/537.36 (KHTML, like Gecko) Chrome/136.0.0.0 Safari/537.36'),(6,'cd264062-7837-39b6-b725-624cb98191a2','/blogs','GET','{\"pageNum\":1}','访问页面','首页','第1页','192.168.80.137','内网IP|内网IP','Windows NT ??','Chrome 136',172,'2025-05-18 23:43:42','Mozilla/5.0 (Windows NT 10.0; Win64; x64) AppleWebKit/537.36 (KHTML, like Gecko) Chrome/136.0.0.0 Safari/537.36'),(7,'cd264062-7837-39b6-b725-624cb98191a2','/blog','GET','{\"id\":3}','查看博客','3','文章标题：3','192.168.80.137','内网IP|内网IP','Windows NT ??','Chrome 136',11,'2025-05-18 23:49:14','Mozilla/5.0 (Windows NT 10.0; Win64; x64) AppleWebKit/537.36 (KHTML, like Gecko) Chrome/136.0.0.0 Safari/537.36'),(8,'cd264062-7837-39b6-b725-624cb98191a2','/blogs','GET','{\"pageNum\":1}','访问页面','首页','第1页','192.168.80.137','内网IP|内网IP','Windows NT ??','Chrome 136',122,'2025-05-19 00:17:18','Mozilla/5.0 (Windows NT 10.0; Win64; x64) AppleWebKit/537.36 (KHTML, like Gecko) Chrome/136.0.0.0 Safari/537.36'),(9,'cd264062-7837-39b6-b725-624cb98191a2','/blogs','GET','{\"pageNum\":1}','访问页面','首页','第1页','192.168.80.137','内网IP|内网IP','Windows NT ??','Chrome 136',59,'2025-05-19 01:17:43','Mozilla/5.0 (Windows NT 10.0; Win64; x64) AppleWebKit/537.36 (KHTML, like Gecko) Chrome/136.0.0.0 Safari/537.36'),(10,'cd264062-7837-39b6-b725-624cb98191a2','/blogs','GET','{\"pageNum\":1}','访问页面','首页','第1页','192.168.80.137','内网IP|内网IP','Windows NT ??','Chrome 136',23,'2025-05-19 01:17:48','Mozilla/5.0 (Windows NT 10.0; Win64; x64) AppleWebKit/537.36 (KHTML, like Gecko) Chrome/136.0.0.0 Safari/537.36'),(11,'cd264062-7837-39b6-b725-624cb98191a2','/blogs','GET','{\"pageNum\":1}','访问页面','首页','第1页','192.168.80.137','内网IP|内网IP','Windows NT ??','Chrome 136',10,'2025-05-19 01:17:59','Mozilla/5.0 (Windows NT 10.0; Win64; x64) AppleWebKit/537.36 (KHTML, like Gecko) Chrome/136.0.0.0 Safari/537.36'),(12,'cd264062-7837-39b6-b725-624cb98191a2','/blogs','GET','{\"pageNum\":1}','访问页面','首页','第1页','192.168.80.137','内网IP|内网IP','Windows NT ??','Chrome 136',141,'2025-05-19 01:18:31','Mozilla/5.0 (Windows NT 10.0; Win64; x64) AppleWebKit/537.36 (KHTML, like Gecko) Chrome/136.0.0.0 Safari/537.36');
/*!40000 ALTER TABLE `visit_log` ENABLE KEYS */;
UNLOCK TABLES;

--
-- Table structure for table `visit_record`
--

DROP TABLE IF EXISTS `visit_record`;
/*!40101 SET @saved_cs_client     = @@character_set_client */;
/*!50503 SET character_set_client = utf8mb4 */;
CREATE TABLE `visit_record` (
  `id` bigint NOT NULL AUTO_INCREMENT,
  `pv` int NOT NULL COMMENT '访问量',
  `uv` int NOT NULL COMMENT '独立用户',
  `date` varchar(255) CHARACTER SET utf8mb4 COLLATE utf8mb4_general_ci NOT NULL COMMENT '日期"04-20"',
  PRIMARY KEY (`id`) USING BTREE
) ENGINE=InnoDB DEFAULT CHARSET=utf8mb4 COLLATE=utf8mb4_general_ci ROW_FORMAT=DYNAMIC;
/*!40101 SET character_set_client = @saved_cs_client */;

--
-- Dumping data for table `visit_record`
--

LOCK TABLES `visit_record` WRITE;
/*!40000 ALTER TABLE `visit_record` DISABLE KEYS */;
/*!40000 ALTER TABLE `visit_record` ENABLE KEYS */;
UNLOCK TABLES;

--
-- Table structure for table `visitor`
--

DROP TABLE IF EXISTS `visitor`;
/*!40101 SET @saved_cs_client     = @@character_set_client */;
/*!50503 SET character_set_client = utf8mb4 */;
CREATE TABLE `visitor` (
  `id` bigint NOT NULL AUTO_INCREMENT,
  `uuid` varchar(36) CHARACTER SET utf8mb4 COLLATE utf8mb4_general_ci NOT NULL COMMENT '访客标识码',
  `ip` varchar(255) CHARACTER SET utf8mb4 COLLATE utf8mb4_general_ci DEFAULT NULL COMMENT 'ip',
  `ip_source` varchar(255) CHARACTER SET utf8mb4 COLLATE utf8mb4_general_ci DEFAULT NULL COMMENT 'ip来源',
  `os` varchar(255) CHARACTER SET utf8mb4 COLLATE utf8mb4_general_ci DEFAULT NULL COMMENT '操作系统',
  `browser` varchar(255) CHARACTER SET utf8mb4 COLLATE utf8mb4_general_ci DEFAULT NULL COMMENT '浏览器',
  `create_time` datetime NOT NULL COMMENT '首次访问时间',
  `last_time` datetime NOT NULL COMMENT '最后访问时间',
  `pv` int DEFAULT NULL COMMENT '访问页数统计',
  `user_agent` varchar(2000) CHARACTER SET utf8mb4 COLLATE utf8mb4_general_ci DEFAULT NULL COMMENT 'user-agent用户代理',
  PRIMARY KEY (`id`) USING BTREE,
  UNIQUE KEY `idx_uuid` (`uuid`) USING BTREE
) ENGINE=InnoDB AUTO_INCREMENT=2 DEFAULT CHARSET=utf8mb4 COLLATE=utf8mb4_general_ci ROW_FORMAT=DYNAMIC;
/*!40101 SET character_set_client = @saved_cs_client */;

--
-- Dumping data for table `visitor`
--

LOCK TABLES `visitor` WRITE;
/*!40000 ALTER TABLE `visitor` DISABLE KEYS */;
INSERT INTO `visitor` VALUES (1,'cd264062-7837-39b6-b725-624cb98191a2','192.168.80.137','内网IP|内网IP','Windows NT ??','Chrome 136','2025-05-18 20:19:13','2025-05-18 20:19:13',0,'Mozilla/5.0 (Windows NT 10.0; Win64; x64) AppleWebKit/537.36 (KHTML, like Gecko) Chrome/136.0.0.0 Safari/537.36');
/*!40000 ALTER TABLE `visitor` ENABLE KEYS */;
UNLOCK TABLES;
/*!40103 SET TIME_ZONE=@OLD_TIME_ZONE */;

/*!40101 SET SQL_MODE=@OLD_SQL_MODE */;
/*!40014 SET FOREIGN_KEY_CHECKS=@OLD_FOREIGN_KEY_CHECKS */;
/*!40014 SET UNIQUE_CHECKS=@OLD_UNIQUE_CHECKS */;
/*!40101 SET CHARACTER_SET_CLIENT=@OLD_CHARACTER_SET_CLIENT */;
/*!40101 SET CHARACTER_SET_RESULTS=@OLD_CHARACTER_SET_RESULTS */;
/*!40101 SET COLLATION_CONNECTION=@OLD_COLLATION_CONNECTION */;
/*!40111 SET SQL_NOTES=@OLD_SQL_NOTES */;

-- Dump completed on 2025-05-19 12:41:11
